probe,target_index,basis_index,coefficient
1,0,0,-1817/280
1,0,1,-66215/8928
1,0,2,-30/7
1,0,3,48400/357
1,0,5,-130147/12240
1,0,6,-1148869/55335
1,0,7,7/17
1,0,8,-287137/105400
1,0,9,-9111/2635
1,0,10,8391/2975
1,0,11,26136/2975
1,1,0,-15181/1512
1,1,1,11135/864
1,1,2,-1861/189
1,1,3,-82000/357
1,1,4,-259/51
1,1,5,-38533/2448
1,1,6,-8971/357
1,1,8,-2033/680
1,1,9,-3/17
1,1,10,489/595
1,1,11,-8856/595
1,2,2,1
1,2,4,-9/5
1,3,0,-17/28
1,3,1,-17/28
1,3,2,153/70
1,4,0,85/108
1,4,1,85/108
1,4,2,-83/54
1,4,4,-7/3
1,5,0,-5/14
1,5,2,16/7
1,5,5,-12/17
1,5,6,180/119
1,6,0,-17/28
1,6,2,153/70
1,6,5,1/2
1,6,6,18/7
1,7,0,-1445/84
1,7,2,-289/42
1,7,4,-7/3
1,7,5,-155/6
1,7,6,-290/7
1,8,0,-27/14
1,8,7,-24/17
1,9,1,-17/62
1,9,6,348/527
1,9,8,-672/527
1,10,0,85/108
1,10,1,85/108
1,10,2,110/189
1,10,6,-30/119
1,10,8,-14/17
1,11,0,-6681/980
1,11,1,-459799/31248
1,11,2,-51/35
1,11,3,800/3
1,11,5,-45043/2520
1,11,6,-94166/3255
1,11,7,31/7
1,11,8,-3679/3100
1,11,9,-438/155
1,11,10,114/175
1,11,11,432/25
1,12,7,1
1,12,9,-252/155
1,13,0,289/168
1,13,1,1445/864
1,13,2,17/14
1,13,3,-2000/63
1,13,5,1147/432
1,13,6,349/63
1,13,8,29/40
1,13,9,1
1,13,10,-37/35
1,13,11,-72/35
1,14,0,53465/10584
1,14,1,-7225/864
1,14,2,85/14
1,14,3,10000/63
1,14,4,85/27
1,14,5,7285/1008
1,14,6,235/21
1,14,8,11/8
1,14,10,-3/7
1,14,11,72/7
1,15,0,-425/189
1,15,1,1445/378
1,15,2,-520/189
1,15,4,-7/3
1,16,2,1
1,17,4,1
1,18,0,-17/14
1,19,1,-17/14
1,20,0,85/108
1,20,1,85/108
1,20,2,35/27
1,21,2,-17/14
1,22,2,85/54
1,22,4,35/27
1,23,0,-5/7
1,23,2,1/5
1,23,5,-24/17
1,23,6,-36/17
1,24,0,-17/14
1,25,5,1
1,27,2,-17/14
1,27,6,-10/7
1,28,0,7225/756
1,28,2,85/27
1,28,4,35/27
1,28,5,775/54
1,28,6,200/9
1,29,1,-17/62
1,29,5,7/17
1,29,6,472/527
1,29,7,-7/17
1,29,8,112/2635
1,30,0,5423/5292
1,30,1,17/108
1,30,2,7/27
1,30,5,31/34
1,30,6,24/17
1,30,7,93/476
1,30,8,-26/85
1,31,7,1
1,33,0,289/196
1,33,7,31/28
1,34,1,-289/434
1,34,5,1
1,34,6,32/31
1,34,8,28/31
1,35,8,1
1,37,0,-1445/1512
1,37,1,-1445/864
1,37,2,-85/54
1,37,5,155/144
1,37,6,5/3
1,37,8,11/8
1,38,0,289/147
1,38,1,1445/432
1,38,3,-4000/63
1,38,5,1147/216
1,38,6,74/9
1,38,7,-31/28
1,38,8,9/20
1,38,9,1
1,38,10,-2/35
1,38,11,-144/35
1,39,9,1
2,0,0,-19525/2688
2,0,1,-2684567/336000
2,0,2,-947/224
2,0,3,1526657/9576
2,0,5,-142157/11400
2,0,6,-18508523/798000
2,0,7,8/19
2,0,8,-101511/37240
2,0,9,-6509/1862
2,0,10,94257/29792
2,0,11,946275/104272
2,1,0,-44669/4800
2,1,1,947891/72000
2,1,2,-12683/1200
2,1,3,-520421/2052
2,1,4,-328/57
2,1,5,-28217/1900
2,1,6,-3101813/133000
2,1,8,-7743/2660
2,1,9,-3/19
2,1,10,1593/2128
2,1,11,-107525/7448
2,2,2,1
2,2,4,-25/14
2,3,0,-19/32
2,3,1,-19/32
2,3,2,475/224
2,4,0,133/150
2,4,1,133/150
2,4,2,-251/150
2,4,4,-8/3
2,5,0,-11/32
2,5,2,499/224
2,5,5,-27/38
2,5,6,3025/2128
2,6,0,-19/32
2,6,2,475/224
2,6,5,1/2
2,6,6,275/112
2,7,0,-2527/144
2,7,2,-361/48
2,7,4,-8/3
2,7,5,-245/9
2,7,6,-3091/72
2,8,0,-15/8
2,8,7,-27/19
2,9,1,-19/70
2,9,6,3091/4655
2,9,8,-864/665
2,10,0,133/150
2,10,1,133/150
2,10,2,967/1200
2,10,6,-33/152
2,10,8,-16/19
2,11,0,-23047/2688
2,11,1,-2642881/168000
2,11,2,-171/112
2,11,3,78529/252
2,11,5,-12833/600
2,11,6,-51029/1500
2,11,7,35/8
2,11,8,-1143/980
2,11,9,-143/49
2,11,10,729/784
2,11,11,48675/2744
2,12,7,1
2,12,9,-80/49
2,13,0,361/192
2,13,1,42959/24000
2,13,2,19/16
2,13,3,-1331/36
2,13,5,917/300
2,13,6,126863/21000
2,13,8,101/140
2,13,9,1
2,13,10,-131/112
2,13,11,-825/392
2,14,0,7581/1600
2,14,1,-300713/36000
2,14,2,133/20
2,14,3,9317/54
2,14,4,266/75
2,14,5,2009/300
2,14,6,7667/750
2,14,8,13/10
2,14,10,-3/8
2,14,11,275/28
2,15,0,-2261/1200
2,15,1,1463/400
2,15,2,-3433/1200
2,15,4,-8/3
2,16,2,1
2,17,4,1
2,18,0,-19/16
2,19,1,-19/16
2,20,0,133/150
2,20,1,133/150
2,20,2,112/75
2,21,2,-19/16
2,22,2,133/75
2,22,4,112/75
2,23,0,-11/16
2,23,2,3/14
2,23,5,-27/19
2,23,6,-275/133
2,24,0,-19/16
2,25,5,1
2,27,2,-19/16
2,27,6,-11/8
2,28,0,17689/1800
2,28,2,266/75
2,28,4,112/75
2,28,5,686/45
2,28,6,5236/225
2,29,1,-19/70
2,29,5,8/19
2,29,6,4246/4655
2,29,7,-8/19
2,29,8,16/665
2,30,0,6441/6400
2,30,1,19/100
2,30,2,8/25
2,30,5,35/38
2,30,6,187/133
2,30,7,105/608
2,30,8,-81/266
2,31,7,1
2,33,0,361/256
2,33,7,35/32
2,34,1,-361/560
2,34,5,1
2,34,6,242/245
2,34,8,32/35
2,35,8,1
2,37,0,-2527/2400
2,37,1,-2527/1500
2,37,2,-133/75
2,37,5,49/50
2,37,6,187/125
2,37,8,13/10
2,38,0,1805/768
2,38,1,42959/12000
2,38,3,-1331/18
2,38,5,917/150
2,38,6,24497/2625
2,38,7,-35/32
2,38,8,31/70
2,38,9,1
2,38,10,-3/28
2,38,11,-825/196
2,39,9,1
3,0,0,-3889/720
3,0,1,-42007/6624
3,0,2,-71/15
3,0,3,178688/1755
3,0,5,-22209/2704
3,0,6,-845489/58305
3,0,7,5/13
3,0,8,-234437/43056
3,0,9,-6337/1794
3,0,10,2101/780
3,0,11,-1396/135
3,1,0,259/24
3,1,1,-641/48
3,1,2,-561/65
3,1,3,136192/585
3,1,4,-145/39
3,1,5,17917/1352
3,1,6,36142/2535
3,1,8,-1243/312
3,1,9,-3/13
3,1,10,157/130
3,1,11,-1064/45
3,2,2,1
3,2,4,-13/6
3,3,0,-13/20
3,3,1,-13/20
3,3,2,169/60
3,4,0,1/2
3,4,1,1/2
3,4,2,-109/78
3,4,4,-5/3
3,5,0,-2/5
3,5,2,41/15
3,5,5,-9/13
3,5,6,32/15
3,6,0,-13/20
3,6,2,169/60
3,6,5,1/2
3,6,6,52/15
3,7,0,169/10
3,7,2,-169/30
3,7,4,-5/3
3,7,5,23
3,7,6,376/15
3,8,0,-21/10
3,8,7,-18/13
3,9,1,-13/46
3,9,6,376/897
3,9,8,-360/299
3,10,0,1/2
3,10,1,1/2
3,10,2,-2/65
3,10,6,-24/65
3,10,8,-10/13
3,11,0,-3523/1800
3,11,1,-184093/16560
3,11,2,13/10
3,11,3,23552/135
3,11,5,-5543/520
3,11,6,-38582/4485
3,11,7,23/5
3,11,8,-8335/1656
3,11,9,-61/69
3,11,10,-1/30
3,11,11,-2392/135
3,12,7,1
3,12,9,-130/69
3,13,0,169/120
3,13,1,65/48
3,13,2,13/10
3,13,3,-1024/45
3,13,5,207/104
3,13,6,254/65
3,13,8,31/24
3,13,9,1
3,13,10,-9/10
3,13,11,104/45
3,14,0,-403/100
3,14,1,65/8
3,14,2,21/5
3,14,3,-2048/15
3,14,4,2
3,14,5,-1311/260
3,14,6,-76/13
3,14,8,7/4
3,14,10,-3/5
3,14,11,208/15
3,15,0,22/5
3,15,1,-17/5
3,15,2,-526/195
3,15,4,-5/3
3,16,2,1
3,17,4,1
3,18,0,-13/10
3,19,1,-13/10
3,20,0,1/2
3,20,1,1/2
3,20,2,10/13
3,21,2,-13/10
3,22,2,1
3,22,4,10/13
3,23,0,-4/5
3,23,2,-1/6
3,23,5,-18/13
3,23,6,-8/3
3,24,0,-13/10
3,25,5,1
3,27,2,-13/10
3,27,6,-8/5
3,28,0,-39/5
3,28,2,2
3,28,4,10/13
3,28,5,-138/13
3,28,6,-160/13
3,29,1,-13/46
3,29,5,5/13
3,29,6,64/299
3,29,7,-5/13
3,29,8,530/897
3,30,0,287/300
3,30,1,-1/12
3,30,2,-5/39
3,30,5,23/26
3,30,6,40/39
3,30,7,69/260
3,30,8,-11/78
3,31,7,1
3,33,0,169/100
3,33,7,23/20
3,34,1,-169/230
3,34,5,1
3,34,6,112/69
3,34,8,20/23
3,35,8,1
3,37,0,-13/20
3,37,1,-13/8
3,37,2,-1
3,37,5,69/52
3,37,6,20/13
3,37,8,7/4
3,38,0,169/150
3,38,1,65/24
3,38,3,-2048/45
3,38,5,207/52
3,38,6,60/13
3,38,7,-23/20
3,38,8,19/12
3,38,9,1
3,38,10,-1/15
3,38,11,208/45
3,39,9,1
