target_index,target,basis_index,basis,coefficient,nonzero,grid_validation_points,independent_probe_points,validation
0,"(-2, 1, 1, 1, 0, 1, 1)",0,"(0, 0, 0, 0, 0, 1, 1)",-(D**2*z - 24*D**2 - 4*D*z + 128*D + 4*z - 168)/(16*(D - 4)*(D - 3)),1,91,3,exact
0,"(-2, 1, 1, 1, 0, 1, 1)",1,"(0, 0, 0, 0, 1, 0, 1)",-(D - 2)*(15*D**3*z**2 - 248*D**3*z + 320*D**3 - 124*D**2*z**2 + 2192*D**2*z - 2752*D**2 + 332*D*z**2 - 6376*D*z + 7760*D - 288*z**2 + 6112*z - 7168)/(16*(D - 4)*(D - 3)*(2*D - 7)*(3*D - 8)*(z - 4)),1,91,3,exact
0,"(-2, 1, 1, 1, 0, 1, 1)",2,"(0, 0, 0, 0, 1, 1, 1)",(-12*D + z + 32)/(4*(D - 3)),1,91,3,exact
0,"(-2, 1, 1, 1, 0, 1, 1)",3,"(0, 0, 0, 0, 2, 0, 3)",-(D*z - 16*D - 2*z + 44)/((D - 4)**2*(D - 3)*(D - 2)),1,91,3,exact
0,"(-2, 1, 1, 1, 0, 1, 1)",5,"(0, 1, 0, 0, 1, 0, 1)",(3*D**3*z**2 - 8*D**3*z - 448*D**3 - 26*D**2*z**2 + 96*D**2*z + 4064*D**2 + 72*D*z**2 - 348*D*z - 12192*D - 64*z**2 + 400*z + 12096)/(8*(D - 4)*(D - 2)*(2*D - 7)*(z - 4)),1,91,3,exact
0,"(-2, 1, 1, 1, 0, 1, 1)",6,"(0, 1, 0, 0, 1, 0, 2)",(3*D**4*z**3 - 10*D**4*z**2 - 528*D**4*z - 512*D**4 - 35*D**3*z**3 + 170*D**3*z**2 + 6368*D**3*z + 6016*D**3 + 150*D**2*z**3 - 1002*D**2*z**2 - 28528*D**2*z - 26624*D**2 - 280*D*z**3 + 2504*D*z**2 + 56240*D*z + 52704*D + 192*z**3 - 2272*z**2 - 41152*z - 39424)/(4*(D - 4)*(D - 3)*(D - 2)*(2*D - 7)*(3*D - 8)*(z - 4)),1,91,3,exact
0,"(-2, 1, 1, 1, 0, 1, 1)",7,"(0, 1, 1, 0, 0, 0, 1)",(D - 3)/(D - 2),1,91,3,exact
0,"(-2, 1, 1, 1, 0, 1, 1)",8,"(0, 1, 1, 0, 1, 0, 1)",-(9*D**3*z**2 - 168*D**3*z + 320*D**3 - 72*D**2*z**2 + 1456*D**2*z - 2816*D**2 + 188*D*z**2 - 4176*D*z + 8176*D - 160*z**2 + 3968*z - 7840)/(8*(D - 2)*(2*D - 7)*(3*D - 8)),1,91,3,exact
0,"(-2, 1, 1, 1, 0, 1, 1)",9,"(0, 1, 1, 1, 0, 0, 1)",(D**2*z - 40*D**2 - 4*D*z + 220*D + 4*z - 304)/(2*(D - 2)*(3*D - 8)),1,91,3,exact
0,"(-2, 1, 1, 1, 0, 1, 1)",10,"(0, 1, 1, 1, 0, 1, 1)",-(D**2*z**2 - 24*D**2*z - 64*D**2 - 6*D*z**2 + 168*D*z + 384*D + 8*z**2 - 288*z - 560)/(4*(D - 3)*(D - 2)),1,91,3,exact
0,"(-2, 1, 1, 1, 0, 1, 1)",11,"(0, 1, 1, 1, 1, 0, 2)",z*(z - 4)*(D*z - 16*D - 2*z + 44)/(2*(D - 3)*(D - 2)),1,91,3,exact
1,"(-2, 1, 1, 1, 1, 1, 1)",0,"(0, 0, 0, 0, 0, 1, 1)",(D - 2)*(D*z**2 - 12*D*z + 48*D - 2*z**2 + 44*z - 192)/(8*z*(D - 4)*(D - 3)*(z - 4)),1,91,3,exact
1,"(-2, 1, 1, 1, 1, 1, 1)",1,"(0, 0, 0, 0, 1, 0, 1)",(D - 2)*(5*D**2*z**2 - 40*D**2*z + 64*D**2 - 28*D*z**2 + 256*D*z - 416*D + 36*z**2 - 404*z + 672)/(8*z*(D - 4)*(D - 3)*(2*D - 7)*(z - 4)),1,91,3,exact
1,"(-2, 1, 1, 1, 1, 1, 1)",2,"(0, 0, 0, 0, 1, 1, 1)",(2*D**2*z - 4*D**2 - 11*D*z + 20*D + 18*z - 36)/(2*(D - 4)*(D - 3)*(z - 4)),1,91,3,exact
1,"(-2, 1, 1, 1, 1, 1, 1)",3,"(0, 0, 0, 0, 2, 0, 3)",2*(D*z - 8*D - 2*z + 24)/(z*(D - 4)**2*(D - 3)*(D - 2)),1,91,3,exact
1,"(-2, 1, 1, 1, 1, 1, 1)",4,"(0, 0, 0, 1, 1, 1, 1)",D*(D - 3)/((D - 4)*(D - 2)),1,91,3,exact
1,"(-2, 1, 1, 1, 1, 1, 1)",5,"(0, 1, 0, 0, 1, 0, 1)",-(3*D - 8)*(D*z**2 + 8*D*z - 96*D - 2*z**2 - 32*z + 336)/(4*z*(D - 2)*(2*D - 7)*(z - 4)),1,91,3,exact
1,"(-2, 1, 1, 1, 1, 1, 1)",6,"(0, 1, 0, 0, 1, 0, 2)",-(D**2*z**3 - 2*D**2*z**2 - 32*D**2*z - 192*D**2 - 5*D*z**3 + 24*D*z**2 + 152*D*z + 1248*D + 6*z**3 - 60*z**2 - 144*z - 2016)/(2*z*(D - 3)*(D - 2)*(2*D - 7)*(z - 4)),1,91,3,exact
1,"(-2, 1, 1, 1, 1, 1, 1)",8,"(0, 1, 1, 0, 1, 0, 1)",(3*D**2*z - 32*D**2 - 16*D*z + 196*D + 20*z - 296)/(4*(D - 2)*(2*D - 7)),1,91,3,exact
1,"(-2, 1, 1, 1, 1, 1, 1)",9,"(0, 1, 1, 1, 0, 0, 1)",(D - 4)/(D - 2),1,91,3,exact
1,"(-2, 1, 1, 1, 1, 1, 1)",10,"(0, 1, 1, 1, 0, 1, 1)",(D - 4)*(D*z - 16*D - 2*z + 52)/(2*(D - 3)*(D - 2)),1,91,3,exact
1,"(-2, 1, 1, 1, 1, 1, 1)",11,"(0, 1, 1, 1, 1, 0, 2)",-(z - 4)*(D*z - 8*D - 2*z + 24)/((D - 3)*(D - 2)),1,91,3,exact
2,"(-1, 0, 0, 1, 1, 1, 1)",2,"(0, 0, 0, 0, 1, 1, 1)",1,1,91,3,exact
2,"(-1, 0, 0, 1, 1, 1, 1)",4,"(0, 0, 0, 1, 1, 1, 1)",(z - 4)/2,1,91,3,exact
3,"(-1, 0, 1, 1, 0, 1, 1)",0,"(0, 0, 0, 0, 0, 1, 1)",-(D - 2)/(4*(D - 3)),1,91,3,exact
3,"(-1, 0, 1, 1, 0, 1, 1)",1,"(0, 0, 0, 0, 1, 0, 1)",-(D - 2)/(4*(D - 3)),1,91,3,exact
3,"(-1, 0, 1, 1, 0, 1, 1)",2,"(0, 0, 0, 0, 1, 1, 1)",-(D - 2)*(z - 4)/(4*(D - 3)),1,91,3,exact
4,"(-1, 0, 1, 1, 1, 1, 1)",0,"(0, 0, 0, 0, 0, 1, 1)",(D - 2)/(2*(D - 4)*(z - 4)),1,91,3,exact
4,"(-1, 0, 1, 1, 1, 1, 1)",1,"(0, 0, 0, 0, 1, 0, 1)",(D - 2)/(2*(D - 4)*(z - 4)),1,91,3,exact
4,"(-1, 0, 1, 1, 1, 1, 1)",2,"(0, 0, 0, 0, 1, 1, 1)",(D*z - 2*z - 4)/(2*(D - 4)*(z - 4)),1,91,3,exact
4,"(-1, 0, 1, 1, 1, 1, 1)",4,"(0, 0, 0, 1, 1, 1, 1)",(D - 3)/(D - 4),1,91,3,exact
5,"(-1, 1, 0, 0, 1, 1, 1)",0,"(0, 0, 0, 0, 0, 1, 1)",-1/(4*(D - 3)),1,91,3,exact
5,"(-1, 1, 0, 0, 1, 1, 1)",2,"(0, 0, 0, 0, 1, 1, 1)",-(-4*D + z + 8)/(4*(D - 3)),1,91,3,exact
5,"(-1, 1, 0, 0, 1, 1, 1)",5,"(0, 1, 0, 0, 1, 0, 1)",-(2*D - 5)/(2*(D - 2)),1,91,3,exact
5,"(-1, 1, 0, 0, 1, 1, 1)",6,"(0, 1, 0, 0, 1, 0, 2)",-(z - 4)/(2*(D - 3)*(D - 2)),1,91,3,exact
6,"(-1, 1, 0, 1, 0, 1, 1)",0,"(0, 0, 0, 0, 0, 1, 1)",-(D - 2)/(4*(D - 3)),1,91,3,exact
6,"(-1, 1, 0, 1, 0, 1, 1)",2,"(0, 0, 0, 0, 1, 1, 1)",-(D - 2)*(z - 4)/(4*(D - 3)),1,91,3,exact
6,"(-1, 1, 0, 1, 0, 1, 1)",5,"(0, 1, 0, 0, 1, 0, 1)",1/2,1,91,3,exact
6,"(-1, 1, 0, 1, 0, 1, 1)",6,"(0, 1, 0, 0, 1, 0, 2)",-(z - 4)/(2*(D - 3)),1,91,3,exact
7,"(-1, 1, 0, 1, 1, 1, 1)",0,"(0, 0, 0, 0, 0, 1, 1)",(D - 2)**2/(2*z*(D - 4)*(D - 3)),1,91,3,exact
7,"(-1, 1, 0, 1, 1, 1, 1)",2,"(0, 0, 0, 0, 1, 1, 1)",(D - 2)**2/(2*(D - 4)*(D - 3)),1,91,3,exact
7,"(-1, 1, 0, 1, 1, 1, 1)",4,"(0, 0, 0, 1, 1, 1, 1)",(D - 3)/(D - 4),1,91,3,exact
7,"(-1, 1, 0, 1, 1, 1, 1)",5,"(0, 1, 0, 0, 1, 0, 1)",(3*D - 8)/(z*(D - 4)),1,91,3,exact
7,"(-1, 1, 0, 1, 1, 1, 1)",6,"(0, 1, 0, 0, 1, 0, 2)",(D*z + 4*D - 2*z - 12)/(z*(D - 4)*(D - 3)),1,91,3,exact
8,"(-1, 1, 1, 0, 0, 1, 1)",0,"(0, 0, 0, 0, 0, 1, 1)",-(D - 1)/(2*(D - 3)),1,91,3,exact
8,"(-1, 1, 1, 0, 0, 1, 1)",7,"(0, 1, 1, 0, 0, 0, 1)",-(2*D - 5)/(D - 2),1,91,3,exact
9,"(-1, 1, 1, 0, 1, 0, 1)",1,"(0, 0, 0, 0, 1, 0, 1)",-(D - 2)/(2*(3*D - 8)),1,91,3,exact
9,"(-1, 1, 1, 0, 1, 0, 1)",6,"(0, 1, 0, 0, 1, 0, 2)",(D*z + 4*D - 2*z - 12)/((D - 2)*(3*D - 8)),1,91,3,exact
9,"(-1, 1, 1, 0, 1, 0, 1)",8,"(0, 1, 1, 0, 1, 0, 1)",-4*(D - 3)*(2*D - 5)/((D - 2)*(3*D - 8)),1,91,3,exact
10,"(-1, 1, 1, 0, 1, 1, 1)",0,"(0, 0, 0, 0, 0, 1, 1)",(D - 2)/(2*(D - 4)*(z - 4)),1,91,3,exact
10,"(-1, 1, 1, 0, 1, 1, 1)",1,"(0, 0, 0, 0, 1, 0, 1)",(D - 2)/(2*(D - 4)*(z - 4)),1,91,3,exact
10,"(-1, 1, 1, 0, 1, 1, 1)",2,"(0, 0, 0, 0, 1, 1, 1)",-(-4*D**2 + D*z + 20*D - 4*z - 20)/(2*(D - 4)*(D - 3)*(z - 4)),1,91,3,exact
10,"(-1, 1, 1, 0, 1, 1, 1)",6,"(0, 1, 0, 0, 1, 0, 2)",(D - 4)/((D - 3)*(D - 2)),1,91,3,exact
10,"(-1, 1, 1, 0, 1, 1, 1)",8,"(0, 1, 1, 0, 1, 0, 1)",-2*(D - 3)/(D - 2),1,91,3,exact
11,"(-1, 1, 1, 1, -1, 1, 1)",0,"(0, 0, 0, 0, 0, 1, 1)",(D - 2)*(D**2*z + 16*D**2 - 5*D*z - 84*D + 6*z + 96)/(8*(D - 4)*(D - 3)**2),1,91,3,exact
11,"(-1, 1, 1, 1, -1, 1, 1)",1,"(0, 0, 0, 0, 1, 0, 1)",(D - 2)**2*(15*D**2*z**2 + 88*D**2*z - 160*D**2 - 94*D*z**2 - 544*D*z + 944*D + 144*z**2 + 816*z - 1344)/(8*(D - 4)*(D - 3)*(2*D - 7)*(3*D - 8)*(z - 4)),1,91,3,exact
11,"(-1, 1, 1, 1, -1, 1, 1)",2,"(0, 0, 0, 0, 1, 1, 1)",-3*z*(D - 2)/(2*(D - 3)),1,91,3,exact
11,"(-1, 1, 1, 1, -1, 1, 1)",3,"(0, 0, 0, 0, 2, 0, 3)",2*(z + 8)/((D - 4)**2*(D - 3)),1,91,3,exact
11,"(-1, 1, 1, 1, -1, 1, 1)",5,"(0, 1, 0, 0, 1, 0, 1)",-(3*D - 8)*(D**2*z**2 + 8*D**2*z + 96*D**2 - 7*D*z**2 - 48*D*z - 656*D + 12*z**2 + 68*z + 1120)/(4*(D - 4)*(D - 3)*(2*D - 7)*(z - 4)),1,91,3,exact
11,"(-1, 1, 1, 1, -1, 1, 1)",6,"(0, 1, 0, 0, 1, 0, 2)",-(3*D**3*z**3 + 86*D**3*z**2 + 96*D**3*z + 640*D**3 - 29*D**2*z**3 - 838*D**2*z**2 - 696*D**2*z - 6144*D**2 + 92*D*z**3 + 2696*D*z**2 + 1504*D*z + 19552*D - 96*z**3 - 2864*z**2 - 864*z - 20608)/(2*(D - 4)*(D - 3)*(2*D - 7)*(3*D - 8)*(z - 4)),1,91,3,exact
11,"(-1, 1, 1, 1, -1, 1, 1)",7,"(0, 1, 1, 0, 0, 0, 1)",(3*D - 8)/(D - 3),1,91,3,exact
11,"(-1, 1, 1, 1, -1, 1, 1)",8,"(0, 1, 1, 0, 1, 0, 1)",(9*D**2*z**2 + 48*D**2*z - 64*D**2 - 54*D*z**2 - 284*D*z + 384*D + 80*z**2 + 416*z - 560)/(4*(2*D - 7)*(3*D - 8)),1,91,3,exact
11,"(-1, 1, 1, 1, -1, 1, 1)",9,"(0, 1, 1, 1, 0, 0, 1)",-(7*D*z + 8*D - 18*z - 24)/(3*D - 8),1,91,3,exact
11,"(-1, 1, 1, 1, -1, 1, 1)",10,"(0, 1, 1, 1, 0, 1, 1)",z*(D*z + 32*D - 4*z - 116)/(2*(D - 3)),1,91,3,exact
11,"(-1, 1, 1, 1, -1, 1, 1)",11,"(0, 1, 1, 1, 1, 0, 2)",-z*(z - 4)*(z + 8)/(D - 3),1,91,3,exact
12,"(-1, 1, 1, 1, 0, 0, 1)",7,"(0, 1, 1, 0, 0, 0, 1)",1,1,91,3,exact
12,"(-1, 1, 1, 1, 0, 0, 1)",9,"(0, 1, 1, 1, 0, 0, 1)",2*(D - 3)*(z - 4)/(3*D - 8),1,91,3,exact
13,"(-1, 1, 1, 1, 0, 1, 1)",0,"(0, 0, 0, 0, 0, 1, 1)",-(D - 2)**2/(8*(D - 4)*(D - 3)),1,91,3,exact
13,"(-1, 1, 1, 1, 0, 1, 1)",1,"(0, 0, 0, 0, 1, 0, 1)",-(D - 2)**2*(5*D*z - 8*D - 18*z + 28)/(8*(D - 4)*(D - 3)*(2*D - 7)*(z - 4)),1,91,3,exact
13,"(-1, 1, 1, 1, 0, 1, 1)",2,"(0, 0, 0, 0, 1, 1, 1)",(D - 2)/(2*(D - 3)),1,91,3,exact
13,"(-1, 1, 1, 1, 0, 1, 1)",3,"(0, 0, 0, 0, 2, 0, 3)",-2/((D - 4)**2*(D - 3)),1,91,3,exact
13,"(-1, 1, 1, 1, 0, 1, 1)",5,"(0, 1, 0, 0, 1, 0, 1)",(3*D - 8)*(D*z + 8*D - 4*z - 28)/(4*(D - 4)*(2*D - 7)*(z - 4)),1,91,3,exact
13,"(-1, 1, 1, 1, 0, 1, 1)",6,"(0, 1, 0, 0, 1, 0, 2)",(D**2*z**2 + 14*D**2*z - 7*D*z**2 - 96*D*z + 16*D + 12*z**2 + 164*z - 56)/(2*(D - 4)*(D - 3)*(2*D - 7)*(z - 4)),1,91,3,exact
13,"(-1, 1, 1, 1, 0, 1, 1)",8,"(0, 1, 1, 0, 1, 0, 1)",-(3*D*z - 8*D - 10*z + 28)/(4*(2*D - 7)),1,91,3,exact
13,"(-1, 1, 1, 1, 0, 1, 1)",9,"(0, 1, 1, 1, 0, 0, 1)",1,1,91,3,exact
13,"(-1, 1, 1, 1, 0, 1, 1)",10,"(0, 1, 1, 1, 0, 1, 1)",-(D*z + 8*D - 4*z - 28)/(2*(D - 3)),1,91,3,exact
13,"(-1, 1, 1, 1, 0, 1, 1)",11,"(0, 1, 1, 1, 1, 0, 2)",z*(z - 4)/(D - 3),1,91,3,exact
14,"(-1, 1, 1, 1, 1, 1, 1)",0,"(0, 0, 0, 0, 0, 1, 1)",(D - 2)**2*(D*z - 4*D - 3*z + 16)/(4*z*(D - 4)*(D - 3)**2*(z - 4)),1,91,3,exact
14,"(-1, 1, 1, 1, 1, 1, 1)",1,"(0, 0, 0, 0, 1, 0, 1)",(D - 2)**2*(5*D*z - 8*D - 18*z + 28)/(4*z*(D - 4)*(D - 3)*(2*D - 7)*(z - 4)),1,91,3,exact
14,"(-1, 1, 1, 1, 1, 1, 1)",2,"(0, 0, 0, 0, 1, 1, 1)",(D - 2)*(D - 1)/((D - 4)*(D - 3)*(z - 4)),1,91,3,exact
14,"(-1, 1, 1, 1, 1, 1, 1)",3,"(0, 0, 0, 0, 2, 0, 3)",4/(z*(D - 4)**2*(D - 3)),1,91,3,exact
14,"(-1, 1, 1, 1, 1, 1, 1)",4,"(0, 0, 0, 1, 1, 1, 1)",2*(D - 2)/((D - 4)*(z - 4)),1,91,3,exact
14,"(-1, 1, 1, 1, 1, 1, 1)",5,"(0, 1, 0, 0, 1, 0, 1)",-(3*D - 8)*(D*z + 8*D - 3*z - 28)/(2*z*(D - 3)*(2*D - 7)*(z - 4)),1,91,3,exact
14,"(-1, 1, 1, 1, 1, 1, 1)",6,"(0, 1, 0, 0, 1, 0, 2)",-(z + 2)*(D*z + 8*D - 3*z - 28)/(z*(D - 3)*(2*D - 7)*(z - 4)),1,91,3,exact
14,"(-1, 1, 1, 1, 1, 1, 1)",8,"(0, 1, 1, 0, 1, 0, 1)",(3*D - 10)/(2*(2*D - 7)),1,91,3,exact
14,"(-1, 1, 1, 1, 1, 1, 1)",10,"(0, 1, 1, 1, 0, 1, 1)",(D - 4)/(D - 3),1,91,3,exact
14,"(-1, 1, 1, 1, 1, 1, 1)",11,"(0, 1, 1, 1, 1, 0, 2)",-2*(z - 4)/(D - 3),1,91,3,exact
15,"(0, -1, 1, 1, 1, 1, 1)",0,"(0, 0, 0, 0, 0, 1, 1)",(D - 2)*(4*D + z - 16)/(2*z*(D - 4)*(D - 3)*(z - 4)),1,91,3,exact
15,"(0, -1, 1, 1, 1, 1, 1)",1,"(0, 0, 0, 0, 1, 0, 1)",(D - 2)*(2*D*z - 4*D - 7*z + 16)/(2*z*(D - 4)*(D - 3)*(z - 4)),1,91,3,exact
15,"(0, -1, 1, 1, 1, 1, 1)",2,"(0, 0, 0, 0, 1, 1, 1)",(4*D**2 + D*z - 28*D - 2*z + 44)/(2*(D - 4)*(D - 3)*(z - 4)),1,91,3,exact
15,"(0, -1, 1, 1, 1, 1, 1)",4,"(0, 0, 0, 1, 1, 1, 1)",(D - 3)/(D - 4),1,91,3,exact
16,"(0, 0, 0, 0, 1, 1, 1)",2,"(0, 0, 0, 0, 1, 1, 1)",1,1,91,3,exact
17,"(0, 0, 0, 1, 1, 1, 1)",4,"(0, 0, 0, 1, 1, 1, 1)",1,1,91,3,exact
18,"(0, 0, 1, 0, 0, 1, 1)",0,"(0, 0, 0, 0, 0, 1, 1)",-(D - 2)/(2*(D - 3)),1,91,3,exact
19,"(0, 0, 1, 0, 1, 0, 1)",1,"(0, 0, 0, 0, 1, 0, 1)",-(D - 2)/(2*(D - 3)),1,91,3,exact
20,"(0, 0, 1, 0, 1, 1, 1)",0,"(0, 0, 0, 0, 0, 1, 1)",(D - 2)/(2*(D - 4)*(z - 4)),1,91,3,exact
20,"(0, 0, 1, 0, 1, 1, 1)",1,"(0, 0, 0, 0, 1, 0, 1)",(D - 2)/(2*(D - 4)*(z - 4)),1,91,3,exact
20,"(0, 0, 1, 0, 1, 1, 1)",2,"(0, 0, 0, 0, 1, 1, 1)",2*(D - 3)/((D - 4)*(z - 4)),1,91,3,exact
21,"(0, 0, 1, 1, 0, 1, 1)",2,"(0, 0, 0, 0, 1, 1, 1)",-(D - 2)/(2*(D - 3)),1,91,3,exact
22,"(0, 0, 1, 1, 1, 1, 1)",2,"(0, 0, 0, 0, 1, 1, 1)",(D - 2)/((D - 4)*(z - 4)),1,91,3,exact
22,"(0, 0, 1, 1, 1, 1, 1)",4,"(0, 0, 0, 1, 1, 1, 1)",2*(D - 3)/((D - 4)*(z - 4)),1,91,3,exact
23,"(0, 1, 0, -1, 1, 1, 1)",0,"(0, 0, 0, 0, 0, 1, 1)",-1/(2*(D - 3)),1,91,3,exact
23,"(0, 1, 0, -1, 1, 1, 1)",2,"(0, 0, 0, 0, 1, 1, 1)",z/2,1,91,3,exact
23,"(0, 1, 0, -1, 1, 1, 1)",5,"(0, 1, 0, 0, 1, 0, 1)",-(2*D - 5)/(D - 2),1,91,3,exact
23,"(0, 1, 0, -1, 1, 1, 1)",6,"(0, 1, 0, 0, 1, 0, 2)",(z - 4)/(D - 2),1,91,3,exact
24,"(0, 1, 0, 0, 0, 1, 1)",0,"(0, 0, 0, 0, 0, 1, 1)",-(D - 2)/(2*(D - 3)),1,91,3,exact
25,"(0, 1, 0, 0, 1, 0, 1)",5,"(0, 1, 0, 0, 1, 0, 1)",1,1,91,3,exact
27,"(0, 1, 0, 0, 1, 1, 1)",2,"(0, 0, 0, 0, 1, 1, 1)",-(D - 2)/(2*(D - 3)),1,91,3,exact
27,"(0, 1, 0, 0, 1, 1, 1)",6,"(0, 1, 0, 0, 1, 0, 2)",-1/(D - 3),1,91,3,exact
28,"(0, 1, 0, 1, 1, 1, 1)",0,"(0, 0, 0, 0, 0, 1, 1)",(D - 2)**2/(z*(D - 4)*(D - 3)*(z - 4)),1,91,3,exact
28,"(0, 1, 0, 1, 1, 1, 1)",2,"(0, 0, 0, 0, 1, 1, 1)",2*(D - 2)/((D - 4)*(z - 4)),1,91,3,exact
28,"(0, 1, 0, 1, 1, 1, 1)",4,"(0, 0, 0, 1, 1, 1, 1)",2*(D - 3)/((D - 4)*(z - 4)),1,91,3,exact
28,"(0, 1, 0, 1, 1, 1, 1)",5,"(0, 1, 0, 0, 1, 0, 1)",2*(3*D - 8)/(z*(D - 4)*(z - 4)),1,91,3,exact
28,"(0, 1, 0, 1, 1, 1, 1)",6,"(0, 1, 0, 0, 1, 0, 2)",4*(z + 2)/(z*(D - 4)*(z - 4)),1,91,3,exact
29,"(0, 1, 1, -1, 1, 0, 1)",1,"(0, 0, 0, 0, 1, 0, 1)",-(D - 2)/(2*(3*D - 8)),1,91,3,exact
29,"(0, 1, 1, -1, 1, 0, 1)",5,"(0, 1, 0, 0, 1, 0, 1)",(D - 3)/(D - 2),1,91,3,exact
29,"(0, 1, 1, -1, 1, 0, 1)",6,"(0, 1, 0, 0, 1, 0, 2)",2*(2*D*z + 2*D - 5*z - 6)/((D - 2)*(3*D - 8)),1,91,3,exact
29,"(0, 1, 1, -1, 1, 0, 1)",7,"(0, 1, 1, 0, 0, 0, 1)",-(D - 3)/(D - 2),1,91,3,exact
29,"(0, 1, 1, -1, 1, 0, 1)",8,"(0, 1, 1, 0, 1, 0, 1)",-2*(D - 3)*(3*D*z - 2*D - 8*z + 6)/((D - 2)*(3*D - 8)),1,91,3,exact
30,"(0, 1, 1, -1, 1, 1, 1)",0,"(0, 0, 0, 0, 0, 1, 1)",(D - 2)*(D**2*z - 5*D*z - 4*D + 5*z + 16)/(4*(D - 4)*(D - 3)**2*(z - 4)),1,91,3,exact
30,"(0, 1, 1, -1, 1, 1, 1)",1,"(0, 0, 0, 0, 1, 0, 1)",z*(D - 2)/(4*(D - 4)*(z - 4)),1,91,3,exact
30,"(0, 1, 1, -1, 1, 1, 1)",2,"(0, 0, 0, 0, 1, 1, 1)",z*(D - 3)/((D - 4)*(z - 4)),1,91,3,exact
30,"(0, 1, 1, -1, 1, 1, 1)",5,"(0, 1, 0, 0, 1, 0, 1)",(3*D - 8)/(2*(D - 2)),1,91,3,exact
30,"(0, 1, 1, -1, 1, 1, 1)",6,"(0, 1, 0, 0, 1, 0, 2)",(z + 2)/(D - 2),1,91,3,exact
30,"(0, 1, 1, -1, 1, 1, 1)",7,"(0, 1, 1, 0, 0, 0, 1)",-(D - 4)*(3*D - 8)/(4*(D - 3)*(D - 2)),1,91,3,exact
30,"(0, 1, 1, -1, 1, 1, 1)",8,"(0, 1, 1, 0, 1, 0, 1)",-(3*D*z - 2*D - 10*z + 8)/(2*(D - 2)),1,91,3,exact
31,"(0, 1, 1, 0, 0, 0, 1)",7,"(0, 1, 1, 0, 0, 0, 1)",1,1,91,3,exact
33,"(0, 1, 1, 0, 0, 1, 1)",0,"(0, 0, 0, 0, 0, 1, 1)",(D - 2)**2/(4*(D - 3)**2),1,91,3,exact
33,"(0, 1, 1, 0, 0, 1, 1)",7,"(0, 1, 1, 0, 0, 0, 1)",(3*D - 8)/(4*(D - 3)),1,91,3,exact
34,"(0, 1, 1, 0, 1, -1, 1)",1,"(0, 0, 0, 0, 1, 0, 1)",-(D - 2)**2/(2*(D - 3)*(3*D - 8)),1,91,3,exact
34,"(0, 1, 1, 0, 1, -1, 1)",5,"(0, 1, 0, 0, 1, 0, 1)",1,1,91,3,exact
34,"(0, 1, 1, 0, 1, -1, 1)",6,"(0, 1, 0, 0, 1, 0, 2)",-2*(z - 2)/(3*D - 8),1,91,3,exact
34,"(0, 1, 1, 0, 1, -1, 1)",8,"(0, 1, 1, 0, 1, 0, 1)",4*(D - 3)/(3*D - 8),1,91,3,exact
35,"(0, 1, 1, 0, 1, 0, 1)",8,"(0, 1, 1, 0, 1, 0, 1)",1,1,91,3,exact
37,"(0, 1, 1, 0, 1, 1, 1)",0,"(0, 0, 0, 0, 0, 1, 1)",-(D - 2)**2/(4*(D - 4)*(D - 3)*(z - 4)),1,91,3,exact
37,"(0, 1, 1, 0, 1, 1, 1)",1,"(0, 0, 0, 0, 1, 0, 1)",-(D - 2)**2/(4*(D - 4)*(2*D - 7)*(z - 4)),1,91,3,exact
37,"(0, 1, 1, 0, 1, 1, 1)",2,"(0, 0, 0, 0, 1, 1, 1)",-(D - 2)/((D - 4)*(z - 4)),1,91,3,exact
37,"(0, 1, 1, 0, 1, 1, 1)",5,"(0, 1, 0, 0, 1, 0, 1)",-(3*D - 8)/(2*(2*D - 7)*(z - 4)),1,91,3,exact
37,"(0, 1, 1, 0, 1, 1, 1)",6,"(0, 1, 0, 0, 1, 0, 2)",-(z + 2)/((2*D - 7)*(z - 4)),1,91,3,exact
37,"(0, 1, 1, 0, 1, 1, 1)",8,"(0, 1, 1, 0, 1, 0, 1)",(3*D - 10)/(2*(2*D - 7)),1,91,3,exact
38,"(0, 1, 1, 1, -1, 1, 1)",0,"(0, 0, 0, 0, 0, 1, 1)",-(D - 2)**2*(2*D - 7)/(4*(D - 4)*(D - 3)**2),1,91,3,exact
38,"(0, 1, 1, 1, -1, 1, 1)",1,"(0, 0, 0, 0, 1, 0, 1)",-(D - 2)**2*(5*D*z - 8*D - 18*z + 28)/(4*(D - 4)*(D - 3)*(2*D - 7)*(z - 4)),1,91,3,exact
38,"(0, 1, 1, 1, -1, 1, 1)",3,"(0, 0, 0, 0, 2, 0, 3)",-4/((D - 4)**2*(D - 3)),1,91,3,exact
38,"(0, 1, 1, 1, -1, 1, 1)",5,"(0, 1, 0, 0, 1, 0, 1)",(3*D - 8)*(D*z + 8*D - 4*z - 28)/(2*(D - 4)*(2*D - 7)*(z - 4)),1,91,3,exact
38,"(0, 1, 1, 1, -1, 1, 1)",6,"(0, 1, 0, 0, 1, 0, 2)",(z + 2)*(D*z + 8*D - 4*z - 28)/((D - 4)*(2*D - 7)*(z - 4)),1,91,3,exact
38,"(0, 1, 1, 1, -1, 1, 1)",7,"(0, 1, 1, 0, 0, 0, 1)",-(3*D - 8)/(4*(D - 3)),1,91,3,exact
38,"(0, 1, 1, 1, -1, 1, 1)",8,"(0, 1, 1, 0, 1, 0, 1)",-(3*D*z - 4*D - 10*z + 14)/(2*(2*D - 7)),1,91,3,exact
38,"(0, 1, 1, 1, -1, 1, 1)",9,"(0, 1, 1, 1, 0, 0, 1)",1,1,91,3,exact
38,"(0, 1, 1, 1, -1, 1, 1)",10,"(0, 1, 1, 1, 0, 1, 1)",-z*(3*D - 11)/(D - 3),1,91,3,exact
38,"(0, 1, 1, 1, -1, 1, 1)",11,"(0, 1, 1, 1, 1, 0, 2)",2*z*(z - 4)/(D - 3),1,91,3,exact
39,"(0, 1, 1, 1, 0, 0, 1)",9,"(0, 1, 1, 1, 0, 0, 1)",1,1,91,3,exact
